,title,subreddit_id,subreddit,author,upvotes,comments,type,source
0,Dude makes aquaman look like a regular mermaid,t5_m0bnr,r/nextfuckinglevel,Agitated_Ad_1095,9888,225,video,https://packaged-media.redd.it/fx2gtspphc6d1/pb/m2-res_854p.mp4?m=DASHPlaylist.mpd&v=1&e=1718316000&s=bc1b7aea22ba02d89b9d574a96cd8929f7a65f3e#t=0
1,True definition of trust the process,t5_363r3,r/BeAmazed,Remote_Return1716,3336,71,video,https://v.redd.it/15huvf874d6d1/HLSPlaylist.m3u8?f=hd%2CsubsAll%2ChlsSpecOrder&v=1&a=1720902516%2CMTkxZmY2Yjk5NTlmYzQ1NWZiZjg4OTY5NmIwMGU5MTNjODQyODNkYTBmYTliZjI4ZjM2N2FjMGFlMTJiN2NmZg%3D%3D
2,This girl's flips are definitely top talent,t5_363r3,r/BeAmazed,reflective_map21,7594,185,video,https://packaged-media.redd.it/0ngywg4swb6d1/pb/m2-res_360p.mp4?m=DASHPlaylist.mpd&v=1&e=1718326800&s=c9c6356566deba3e4bbdf5179003823704153e8e#t=0
3,This amazing converted campervan is bigger than my apartment!,t5_363r3,r/BeAmazed,Majoodeh,2447,117,video,https://v.redd.it/cvvwhzbh8c6d1/HLSPlaylist.m3u8?f=hd%2CsubsAll%2ChlsSpecOrder&v=1&a=1720902516%2CMjdhMjllNzVjZjZmMjkyZTQ4OTVkYTJjNDk4MDE0OWU3Njg2ZjNkY2ZmMWU4NjBjMjIyOTFiZTc2NDYzZTQyMg%3D%3D
4,"Chaser: The Smartest Dog in the World, Who Could Identify 1000+ Objects by their Names",t5_m0bnr,r/nextfuckinglevel,Mad_Bulls_007,1363,49,video,https://v.redd.it/9q8pct7trc6d1/HLSPlaylist.m3u8?f=sd%2CsubsAll%2ChlsSpecOrder&v=1&a=1720902516%2CNWFjN2NkNDlmNmEyZTUxODAyZTU0NzczN2JiZWVkNjY2MjQzZTY2MGZlNGE2NWZlYjg1MTkxY2ViYTIyYzBkMA%3D%3D
5,"Which floor is the ground floor in Chongqing,China?",t5_363r3,r/BeAmazed,Literally_black1984,1765,133,video,https://v.redd.it/pycsfu11cc6d1/HLSPlaylist.m3u8?f=sd%2CsubsAll%2ChlsSpecOrder&v=1&a=1720902516%2CZDIyNzZlNzIzZTQwYzRlNTY4NWQ1OGJjNDY1M2MyY2IzZjMwOGI3NDJlOWZjYzIyZTczNzQ3MmJhYjFjMTFlNg%3D%3D
6,"Ausie Girl wins, but the real loser here is whoever couldn't even hold the phone up long enough.",t5_372mh,r/UNBGBBIIVCHIDCTIICBG,Cowardly_Sign,661,55,video,https://packaged-media.redd.it/41a8sei7td6d1/pb/m2-res_854p.mp4?m=DASHPlaylist.mpd&v=1&e=1718319600&s=f638c1c52879a7e61d041921ee9befc14b7355b0#t=0
7,Luxury sink shows how hydrophobic surfaces work ,t5_363r3,r/BeAmazed,jmcarlos27,16913,742,video,https://packaged-media.redd.it/8wt7vpick96d1/pb/m2-res_640p.mp4?m=DASHPlaylist.mpd&v=1&e=1718326800&s=c57da4f4c70f3905c737e9ac55bd06e6c3fd18ce#t=0
8,Unusual fish spotted on the ocean floor,t5_363r3,r/BeAmazed,Literally_black1984,2325,96,video,https://v.redd.it/eac7iz5slb6d1/HLSPlaylist.m3u8?f=sd%2CsubsAll%2ChlsSpecOrder&v=1&a=1720902516%2CNzA3MjYxNzMwNTJmODdhMGJmZWQ0NWQwYmIwZmFmYWM3ZmRmZjMyYWM5MTgyZjUxMjFjNmUxNzg5ZTI4YjY3Zg%3D%3D
9,Better than me! ,t5_363r3,r/BeAmazed,No-Forever8138,4496,70,video,https://packaged-media.redd.it/xc2jgplg8a6d1/pb/m2-res_1280p.mp4?m=DASHPlaylist.mpd&v=1&e=1718319600&s=6cb8f3144c21f4ee8568b69839bc8319c86aa20e#t=0
10,My latest creation -Wire EDM Puzzle,t5_3fn31,r/blackmagicfuckery,YogurtclosetSharp426,441,41,video,https://packaged-media.redd.it/0mo5n0m4qd6d1/pb/m2-res_1280p.mp4?m=DASHPlaylist.mpd&v=1&e=1718319600&s=65b6f5c669926ed6c6409920a28e09766dc92c6f#t=0
11,of a container ship,t5_a7wuv,r/AbsoluteUnits,Green____cat,1373,51,video,https://packaged-media.redd.it/o1wmjll4rb6d1/pb/m2-res_600p.mp4?m=DASHPlaylist.mpd&v=1&e=1718323200&s=89e9b0465f5e72651957fbea72c8815724bdcc00#t=0
12,This horse is a hero,t5_363r3,r/BeAmazed,Green____cat,1225,20,image,https://preview.redd.it/this-horse-is-a-hero-v0-jus7pv7ysb6d1.png?auto=webp&s=c061abb19e518816288bfc7faf89b9c4e5c4f695
13,An immersive LED walled night club!,t5_m0bnr,r/nextfuckinglevel,PradipJayakumar,4881,276,video,https://packaged-media.redd.it/1mpabld8n96d1/pb/m2-res_1088p.mp4?m=DASHPlaylist.mpd&v=1&e=1718326800&s=45c6fdb2f54cbc040e2f0ffbba9ff5bdcf0c8e54#t=0
14,Geisha doing her makeup ,t5_363r3,r/BeAmazed,ArmInternational3823,1261,89,crosspost,
15,El Salvador authorities burn a 2.7-ton pile of cocaine worth an estimated $67 million,t5_m0bnr,r/nextfuckinglevel,mapleer,452,107,video,https://v.redd.it/9kcn2d306d6d1/HLSPlaylist.m3u8?f=sd%2CsubsAll%2ChlsSpecOrder&v=1&a=1720902516%2CNWNhMGZkYThmOWU3MWVmODAyZDI3YmMwZjUwYTNiNmYwYTExYmQ0ZDIyMzA3ZDY0ZTZhMDZhNjk4ZTVjNTQwZQ%3D%3D
16,The footwork of Luka Doncic,t5_m0bnr,r/nextfuckinglevel,Finn_Flame,970,150,video,https://packaged-media.redd.it/z1j44jj6vb6d1/pb/m2-res_644p.mp4?m=DASHPlaylist.mpd&v=1&e=1718323200&s=6a0890722df4e22273bf7ab8281cf9fb06b40c71#t=0
17,These are amazing üëèüèº,t5_m0bnr,r/nextfuckinglevel,DullStandard0009,248,12,video,https://packaged-media.redd.it/4ruohtuvxd6d1/pb/m2-res_1018p.mp4?m=DASHPlaylist.mpd&v=1&e=1718319600&s=c8bb4ce1fb54521bbf3f3b61d540ae8d68d7fa2e#t=0
18,Messi ain't got nothing on her!,t5_363r3,r/BeAmazed,KPM__,5549,37,video,https://packaged-media.redd.it/9x5xedcc196d1/pb/m2-res_1920p.mp4?m=DASHPlaylist.mpd&v=1&e=1718326800&s=97d445f755fc2c771565a942fc1a59a233f629e6#t=0
19,KO-YA.REG a.k.a CalAnteRope. Japanese Pro double-dutch performer of the world,t5_m0bnr,r/nextfuckinglevel,Drifting-aimlessly,857,31,video,https://v.redd.it/fcwmmn0oub6d1/HLSPlaylist.m3u8?f=hd%2CsubsAll%2ChlsSpecOrder&v=1&a=1720902516%2COTg4ZWJjNGI2OWEyZGQyOTkzYzMyMDNjMjUzYmVmODExOWVhNzkxNjUzY2EwODMzYmFkMjJlMGU2MTJlZGFjNA%3D%3D
20,1 wheel bike stunt,t5_3ptyd,r/toptalent,ternera,321,67,video,https://packaged-media.redd.it/17k2tgehcd6d1/pb/m2-res_640p.mp4?m=DASHPlaylist.mpd&v=1&e=1718312400&s=444c13022715d1d8f15930e0ab43d9e78c4d575f#t=0
21,Crocodile attack victim (Craig) with the Royal Flying Doctor who flew a 1600km round trip and made a night landing on a dirt strip (after the cows were chased off it) to come and patch him up.,t5_3egn8,r/HumansAreMetal,Rd28T,600,17,image,https://preview.redd.it/crocodile-attack-victim-craig-with-the-royal-flying-doctor-v0-q3eet5mj1c6d1.jpeg?width=640&crop=smart&auto=webp&s=ceb29bc59bed6ee44feda5c339873388751cd01e
22,"Would be a nice idea, except for one thing: dust",t5_363r3,r/BeAmazed,Jonathan-Smith,282,41,crosspost,
23,"What movie do you think this is behind the scenes of?
",t5_363r3,r/BeAmazed,aliveforitt,274,126,crosspost,
24,"Robber threaten female judoka with a screwdriver - she disarm him, take him down with a foot sweep, unmask him and restrain him until help arrive",t5_m0bnr,r/nextfuckinglevel,Budget_Mixture_166,188,11,video,https://v.redd.it/z6pylmzkvd6d1/HLSPlaylist.m3u8?f=sd%2CsubsAll%2ChlsSpecOrder&v=1&a=1720902516%2CYzljOWU5ZDkwYzk1NDdmMjI3MGY3NTM0NzJkY2MxMTE3MzQ2NTY1MTJlYzUxMDE1OWRkY2RlODk0OGMzMjk4OQ%3D%3D
25,"
What a treasure that man was",t5_363r3,r/BeAmazed,Jerrie_John14,265,2,image,https://preview.redd.it/what-a-treasure-that-man-was-v0-9wtz9l7n7d6d1.png?width=640&crop=smart&auto=webp&s=49564d800b37e2c31697d1992db5c247e65b32a4
26,Here's the surprise,t5_363r3,r/BeAmazed,Basmaa_ahmed,14343,189,video,https://packaged-media.redd.it/pii7fz6u876d1/pb/m2-res_1280p.mp4?m=DASHPlaylist.mpd&v=1&e=1718326800&s=978a902e00dc66382f3c1c3d87ae23453584c51b#t=0
27,What a Awesome Art ,t5_363r3,r/BeAmazed,billybob2501,527,12,video,https://packaged-media.redd.it/4iduzvcgob6d1/pb/m2-res_600p.mp4?m=DASHPlaylist.mpd&v=1&e=1718323200&s=41cdf866856a72177b3d6f04e176faffab6990e5#t=0
28,The most brutal way to get to school: a man from the USA assembled an all-terrain school bus,t5_363r3,r/BeAmazed,Nikhil__P,1748,206,video,https://packaged-media.redd.it/2lfmtmlvp96d1/pb/m2-res_1280p.mp4?m=DASHPlaylist.mpd&v=1&e=1718312400&s=561d816145f299944ee1bc07486e2d3742066893#t=0
29,Fashion god ,t5_3ptyd,r/toptalent,FinishAggravating168,13503,207,video,https://v.redd.it/olxbhm4u076d1/HLSPlaylist.m3u8?f=sd%2CsubsAll%2ChlsSpecOrder&v=1&a=1720902585%2CZGU5NDQyMGE1Yzc2YTcxMjBlMTU4OWM2Y2QwZTRmZTQ0NjBlMzE1MzZjZmQ0MjE1ZTkzN2U4N2MxNTdhNTcxNg%3D%3D
30,Using Polyurethane Foam To Raise And Level A Driveway,t5_363r3,r/BeAmazed,rng-redditor,769,63,crosspost,
31,Gliding between the mountains at night ,t5_m0bnr,r/nextfuckinglevel,yujiroka1,2285,133,video,https://packaged-media.redd.it/jt7hdex5v86d1/pb/m2-res_1280p.mp4?m=DASHPlaylist.mpd&v=1&e=1718316000&s=e79c9b2509532f9cd141b89c46bc5d4e0b0e215a#t=0
32,WHOLESOME,t5_bnsdee,r/EmotionMomentsIndia,Feelings_Finder,166,6,video,https://v.redd.it/rpnr0fy8xc6d1/HLSPlaylist.m3u8?f=sd%2CsubsAll%2ChlsSpecOrder&v=1&a=1720902585%2CYzRhM2NlMGFmMDUwNGMwZWZmMjNiNGQ5NWFhM2NiNDU0YjU4NDYyODhkYjZiNjkxMGYxZDQ5YzBlOGQ4Njg4OA%3D%3D
33,Customers buy out all of the donuts at a donut shop so the owner can go home and spend time with his sick wife,t5_363r3,r/BeAmazed,MileydysPaz,108,6,video,https://packaged-media.redd.it/f4cwrczqxd6d1/pb/m2-res_480p.mp4?m=DASHPlaylist.mpd&v=1&e=1718319600&s=aaa3f50d2aa374e51f5908ea8213cd3b71de8b94#t=0
34,How hearing works,t5_363r3,r/BeAmazed,Finn_Flame,169,16,video,https://packaged-media.redd.it/7jxb40vqoc6d1/pb/m2-res_640p.mp4?m=DASHPlaylist.mpd&v=1&e=1718319600&s=9e377ea18b2bd5117826f16f7616da0a98920564#t=0
35,Infinite Drawing by Jesse Martin,t5_363r3,r/BeAmazed,TrulyTormented,116,6,video,https://packaged-media.redd.it/8op2fxzk7d6d1/pb/m2-res_1920p.mp4?m=DASHPlaylist.mpd&v=1&e=1718326800&s=d78b232f8dc4d8bfc3a9f5da8be9542403d14ccd#t=0
36,"What movie do you think this is behind the scenes of?
",t5_b91nl4,r/DamnThatsAwesome,aliveforitt,73,39,video,https://packaged-media.redd.it/v71rkvimud6d1/pb/m2-res_360p.mp4?m=DASHPlaylist.mpd&v=1&e=1718319600&s=650a14af6fc5ea25f8540c426d063cb54ca92563#t=0
37,Footage from underwater atomic bomb test in 1946,t5_363r3,r/BeAmazed,CuteRamProgrammer,243,54,crosspost,
38,Excel art,t5_3ptyd,r/toptalent,JP070791,636,10,video,https://packaged-media.redd.it/k45c32789a6d1/pb/m2-res_640p.mp4?m=DASHPlaylist.mpd&v=1&e=1718319600&s=5b65a64b10b91ab8b5d9e79f9a4afe2b02c16ead#t=0
39,The French Navy's bagpipe banger,t5_m0bnr,r/nextfuckinglevel,freudian_nipps,7133,340,video,https://v.redd.it/ja5jrizdm66d1/HLSPlaylist.m3u8?f=sd%2CsubsAll%2ChlsSpecOrder&v=1&a=1720902585%2CYTRiZTAyNGM3NTMzYmUxNGIxMTMxMjkyN2M4OGY0N2E2MmQyMGNiZmMzZWI0Nzc3MGM0ODg0ODYyMWMzOWQxMg%3D%3D
40,A man saves a puppy from an Crocodile,t5_363r3,r/BeAmazed,tomtom3184,73,10,video,https://packaged-media.redd.it/3jb6clrrvd6d1/pb/m2-res_262p.mp4?m=DASHPlaylist.mpd&v=1&e=1718319600&s=1b31d8aa86d696886f7f01440d07f04cdb484a47#t=0
41,What was the designer thinking?,t5_363r3,r/BeAmazed,Lisachen1218,117,36,video,https://v.redd.it/ps3recpswc6d1/HLSPlaylist.m3u8?f=sd%2CsubsAll%2ChlsSpecOrder&v=1&a=1720902585%2CZGZlNjU2YjNkZmI1YmM1ZjNmMzdkY2I0OTY2ZDYwZTNmNjc2MmViZjQ5MzBhMGVlZmYyOTRjNzY1MWFhZmFhMw%3D%3D
42,The moon Phobos seen from Mars surface,t5_2qhgc,r/awesome,iamayeshaerotica,111,2,image,https://preview.redd.it/the-moon-phobos-seen-from-mars-surface-v0-l0ssyi3ruc6d1.jpeg?width=640&crop=smart&auto=webp&s=790bd614050392a8969343b2a0d2a59e30d6e26c
43,"A Russian boy, Ivan Mishukov, fled his home at the tender age of 4 to escape his mother and her alcoholic partner. He lived with a pack of wild dogs for two years after feeding them. The dogs protected him and made him their leader. Later, he relearned language and served in the Russian Army.",t5_363r3,r/BeAmazed,VastCoconut2609,5765,167,image,https://preview.redd.it/a-russian-boy-ivan-mishukov-fled-his-home-at-the-tender-age-v0-s5wolnurn66d1.jpeg?width=640&crop=smart&auto=webp&s=9e964c41b0bc7513050dabb846ba08483c9c5a7f
44,When pro wrestling was great!,t5_363r3,r/BeAmazed,jmcarlos27,857,27,video,https://packaged-media.redd.it/f1idb35eg96d1/pb/m2-res_854p.mp4?m=DASHPlaylist.mpd&v=1&e=1718323200&s=3c295617105f94a62c0c12547dad11e836e5ac69#t=0
45,Pearl harvesting!,t5_m0bnr,r/nextfuckinglevel,PradipJayakumar,4997,170,video,https://v.redd.it/lz02pjb2j66d1/HLSPlaylist.m3u8?f=sd%2CsubsAll%2ChlsSpecOrder&v=1&a=1720902585%2CYzdhYzMyNmZlMDhkNzM0MmI3MjFlNzFhOWFlODg5MDg5Yzg4ZDg3M2M2YWFlODg5MzIxY2M4ZGU2MjAyN2UzMQ%3D%3D
46,of a turbine blade,t5_a7wuv,r/AbsoluteUnits,GnanaSreekar,7299,272,video,https://packaged-media.redd.it/dcrpoe8ey56d1/pb/m2-res_1920p.mp4?m=DASHPlaylist.mpd&v=1&e=1718326800&s=dc9a70f27cf688b767940f6c65998e121158f0be#t=0
47,of my great grandfather in 1910,t5_a7wuv,r/AbsoluteUnits,YoeriValentin,421,30,image,https://preview.redd.it/of-my-great-grandfather-in-1910-v0-9r8gbly17a6d1.jpeg?width=640&crop=smart&auto=webp&s=2a206cdf45bedd4b677890d06724bcbb599ffea6
48,When the security guard is in the way,t5_363r3,r/BeAmazed,rng-redditor,143,22,crosspost,
49,A gorgeous autumn scene in itüçÇüçÅ,t5_363r3,r/BeAmazed,emily3289,82,10,video,https://packaged-media.redd.it/l0jeuez6lc6d1/pb/m2-res_1280p.mp4?m=DASHPlaylist.mpd&v=1&e=1718319600&s=f37a0701d0c684b267f5cc723e06a4252be57910#t=0
50,Biggest plot twist of the century,t5_363r3,r/BeAmazed,Julianwash,30,2,video,https://packaged-media.redd.it/9b9a9vzn7e6d1/pb/m2-res_1920p.mp4?m=DASHPlaylist.mpd&v=1&e=1718326800&s=4cb5b0dd69f2080992d3999ed03eddb7aff5579d#t=0
51,Dude makes aquaman look like a regular mermaid,t5_30dl9,r/holdmyredbull,Agitated_Ad_1095,80,5,video,https://packaged-media.redd.it/fvtw5wkjhc6d1/pb/m2-res_854p.mp4?m=DASHPlaylist.mpd&v=1&e=1718316000&s=aaf291089fa79313c4c3ee264d7f26692fe96995#t=0
52,"An acrylic painting I made named ""Unknown Field""",t5_363r3,r/BeAmazed,Landscape_Way,130,9,image,https://preview.redd.it/an-acrylic-painting-i-made-named-unknown-field-v0-d4zswhmtlb6d1.png?width=640&crop=smart&auto=webp&s=24b5d65e5f5a794c92a991fe3adcd7297cc2f5fe
53,Fred Astaire‚Äôs famous ceiling dance (1951),t5_363r3,r/BeAmazed,PradipJayakumar,944,39,video,https://v.redd.it/q6kfrk23d86d1/HLSPlaylist.m3u8?f=sd%2CsubsAll%2ChlsSpecOrder&v=1&a=1720902649%2COGQ4MTdhMjIyNDhmOTgwZDE0OWI2OGM4MDEzMTVmMTZiOTE0M2FjNzA5Y2QzMDViNDMwOGMzYTk3ZjIwMTE3Yg%3D%3D
54,"No, it's not a painting and it wasn't photoshopped either. These are polar stratospheric clouds over Iceland.",t5_363r3,r/BeAmazed,Gainsborough-Smythe,30,1,image,https://preview.redd.it/no-its-not-a-painting-and-it-wasnt-photoshopped-either-v0-b16klylsyd6d1.jpeg?width=640&crop=smart&auto=webp&s=f1f61d7767e197ff57ffe6ed3c966a3f9e7b1275
55,Street performer in Italy ,t5_2r8tu,r/woahdude,wrapityup,567,13,video,https://v.redd.it/6n1p3sq3496d1/HLSPlaylist.m3u8?f=sd%2CsubsAll%2ChlsSpecOrder&v=1&a=1720902649%2CZjczMTk2ZmZmOTMwODIxZmZhYzFkMTYyMjNiMjU3YjY2M2E2Y2ZhMzQ5YTNhNjA2NTY2ZTczMjJjMjgzYWNhZg%3D%3D
56,Beautiful micro cable management,t5_363r3,r/BeAmazed,rng-redditor,2186,30,crosspost,
57,"Cutting horse in action, beautiful display of discipline and talent",t5_363r3,r/BeAmazed,mapleer,21,1,video,https://packaged-media.redd.it/osxosyz87e6d1/pb/m2-res_854p.mp4?m=DASHPlaylist.mpd&v=1&e=1718323200&s=8908221da0c28aed351e67b78505f54ec11dac64#t=0
58,007,t5_363r3,r/BeAmazed,TamerDubai,25,5,video,https://packaged-media.redd.it/hh7oedl4ud6d1/pb/m2-res_480p.mp4?m=DASHPlaylist.mpd&v=1&e=1718319600&s=6efe0e8efd413c2aae52dc9a88192d019a77e02e#t=0
59,The speed of a Hippopotamus ,t5_363r3,r/BeAmazed,Urmomsjuicyvagina,19,6,video,https://packaged-media.redd.it/fi4v0txm3e6d1/pb/m2-res_854p.mp4?m=DASHPlaylist.mpd&v=1&e=1718323200&s=477f230989b95b0a2ea57847d0fa3954c0a5716e#t=0
60,of a car carrier trailer,t5_a7wuv,r/AbsoluteUnits,Shpander,21,3,video,https://packaged-media.redd.it/oizm8fpjae6d1/pb/m2-res_854p.mp4?m=DASHPlaylist.mpd&v=1&e=1718326800&s=17e2a805dd6a7fefc03e789e69d144f6cae4ffd3#t=0
61,Handwashing a hedgehog,t5_363r3,r/BeAmazed,External_Industry739,25,6,video,https://packaged-media.redd.it/fwanodopod6d1/pb/m2-res_854p.mp4?m=DASHPlaylist.mpd&v=1&e=1718316000&s=be84dba1a20da6aa85ec78d58c60d4c4c0a68b32#t=0
62,Trust The Process,t5_363r3,r/BeAmazed,Useful_Injury2179,25191,293,video,https://v.redd.it/l0sfm1pu046d1/HLSPlaylist.m3u8?f=sd%2CsubsAll%2ChlsSpecOrder&v=1&a=1720902649%2CMzM4NjgzZDg2MDNkMTNlZDg2MWY5YjAxMjM3MjM1NjRhNWI0NWQ3NjE3OGRlN2I5ZGEzMGRiNDVjNGVlNDc3Yg%3D%3D
63,The French Navy's bagpipe banger,t5_3ptyd,r/toptalent,freudian_nipps,1845,58,video,https://v.redd.it/0aipzsvhm66d1/HLSPlaylist.m3u8?f=sd%2CsubsAll%2ChlsSpecOrder&v=1&a=1720902649%2CNTg3OGU2MGRiNjBjNDA5N2UzNjA4MzU4YjY1MDk4MTM1ZmI3MDdhMmIwNDUwZjI2ZGU0M2NlYmEzMDQ4ZWUwMQ%3D%3D
64,"10 years ago, Arjen Robben's scored two of his greatest goals of his career in a brace Against Spain at 2014 FIFA World Cup",t5_m0bnr,r/nextfuckinglevel,Renegadeforever2024,357,38,video,https://v.redd.it/dyazf2zz896d1/HLSPlaylist.m3u8?f=sd%2CsubsAll%2ChlsSpecOrder&v=1&a=1720902649%2CNjFmYzVmNWQ4YzM1MmNhNDQyYjdiNTJlYzJhYzZjNjQ5ZWI5Yzk4ZjJlYTM4M2JhODMxODgwYTg2OTAwZDgwNw%3D%3D
65,"Almost a decade ago, I backpacked for 4 years and visited 70 countries. Here's my photos highlights.",t5_363r3,r/BeAmazed,jaymesucks,17,0,crosspost,
66,Indian Actor Aamir Khan's Incredible Transformation: From Fat to Fit for the Movie 'Dangal',t5_m0bnr,r/nextfuckinglevel,MFRDANISH,26371,1420,video,https://v.redd.it/hoits86h146d1/HLSPlaylist.m3u8?f=hd%2CsubsAll%2ChlsSpecOrder&v=1&a=1720902649%2CY2VlMzdkNGYxMDgxM2RlNDg0NGExYTYwYTE1ZDRiMWIzY2Q3MGFiYzAzOWFmYzgzYTY3N2IzNDAxMjIzOTYyOQ%3D%3D
67,Asians do it better,t5_ai2dpa,r/mad_skills,wahgwahg,113,11,video,https://v.redd.it/iju2ns5jwa6d1/HLSPlaylist.m3u8?f=hd%2CsubsAll%2ChlsSpecOrder&v=1&a=1720902649%2CZDIzN2Q2ZGE2YjQ3OGVkOGJhMDRhNjI4ZTg5NmIyY2Y4NTU2Nzk5ZDc5MDA1ZmRjNGZjZGRmMDFmMTEwMzFiNw%3D%3D
68,The child is in a state of shock,t5_363r3,r/BeAmazed,Slida_eltagy,526,22,video,https://packaged-media.redd.it/mo0eb4bvd86d1/pb/m2-res_640p.mp4?m=DASHPlaylist.mpd&v=1&e=1718326800&s=c939277c9913ca230ff46d771040bc650eb3e09f#t=0
69,"If not donkey, why fren shape?",t5_b91nl4,r/DamnThatsAwesome,babyinthehood,467,28,video,https://v.redd.it/omivukfok86d1/HLSPlaylist.m3u8?f=sd%2CsubsAll%2ChlsSpecOrder&v=1&a=1720902649%2CODQ5ODA2MzQ4YWVmYzhmNWI5NzE4NWE3YWE3ZTUyNmY4N2I0MzhmN2VmYTBiZTBmMGZlNmRhY2VmMzA1OTM4Mg%3D%3D
70,ùñï ùñö ùñó ùñï ùñë ùñä Ôªø Ôªø ùñâ ùñó ùñä ùñÜ ùñí Ôªø Ôªø [ o c ],t5_2r8tu,r/woahdude,blunt_action,44,3,video,https://packaged-media.redd.it/m61ckad7xc6d1/pb/m2-res_1920p.mp4?m=DASHPlaylist.mpd&v=1&e=1718326800&s=87b8004ad5d84cc3695bb4db5be21cae3534892f#t=0
71,"Personal supervisor
",t5_b91nl4,r/DamnThatsAwesome,aliveforitt,17,1,video,https://packaged-media.redd.it/8x7kdjwsud6d1/pb/m2-res_450p.mp4?m=DASHPlaylist.mpd&v=1&e=1718319600&s=99cc29c629c2311398c9d0915a835a5be28dd7b1#t=0
72,Enthusiastic teacher teaches about gravity,t5_363r3,r/BeAmazed,rng-redditor,13,0,crosspost,
73,"All natutal beef

",t5_b91nl4,r/DamnThatsAwesome,bigbossinthejungle,17,3,video,https://packaged-media.redd.it/qe0b30t2vd6d1/pb/m2-res_1280p.mp4?m=DASHPlaylist.mpd&v=1&e=1718319600&s=663c834ac34bef5e152b71fbce72393eaec03fa6#t=0
74,Cartoon flower sculpture,t5_2r8tu,r/woahdude,cosmaq,13,6,video,https://packaged-media.redd.it/5lfg4lcb4e6d1/pb/m2-res_1920p.mp4?m=DASHPlaylist.mpd&v=1&e=1718326800&s=2bb85c1972d25c7a3aa7e16c38c3ed989680ac3b#t=0
75,Glow in the dark baseball,t5_363r3,r/BeAmazed,rng-redditor,13,1,crosspost,
76,Well that was completely unexpected ...,t5_363r3,r/BeAmazed,Creative-Age-777,11,2,crosspost,
77,The amount of patience and training it must‚Äôve taken for these good dogs to be so disciplined! ,t5_363r3,r/BeAmazed,Majoodeh,907,41,video,https://packaged-media.redd.it/bnf78pug476d1/pb/m2-res_1920p.mp4?m=DASHPlaylist.mpd&v=1&e=1718326800&s=aaf4b80641937a91982ed48b600931c399933fc1#t=0
78,Sir Fredrick Banting ,t5_363r3,r/BeAmazed,ForwardMuscle9078,23200,728,image,https://external-preview.redd.it/sir-fredrick-banting-v0-HLY7XmJSZ0ROS9TI-PSiJSez_CqJrnj-gsf1hAJXIdg.jpg?width=640&crop=smart&auto=webp&s=25fe865b5c044dbf319a4a4d37a9081583566c50
79,of a solar power station (bottom is pic of one cell),t5_a7wuv,r/AbsoluteUnits,The-Road,1779,83,image,https://preview.redd.it/of-a-solar-power-station-bottom-is-pic-of-one-cell-v0-52eute7uz56d1.jpeg?width=640&crop=smart&auto=webp&s=53ec09a0dd364c4135e10da6b2cedb3d9378c305
80,All the custom cabinetry and woodworking that went into this van build. We've come a long way from hippie buses! Reveal at the end,t5_m0bnr,r/nextfuckinglevel,kokomovans,20,8,video,https://v.redd.it/jqxlg0sk9e6d1/HLSPlaylist.m3u8?f=hd%2CsubsAll%2ChlsSpecOrder&v=1&a=1720902717%2CYTUzOTJjMWUyODE4MmVjOTcwZTI5N2Y3ODgwYmEwOGE1MDhmYTdlZTU1ZmZhMGU1YTcwMDk0YzNhMDViNTRiZg%3D%3D
81,"Plume, me, oil on canvas, 2020",t5_2r8tu,r/woahdude,StevenBeercockArt,41,11,image,https://preview.redd.it/plume-me-oil-on-canvas-2020-v0-5p4hkqwi0c6d1.jpeg?width=640&crop=smart&auto=webp&s=d961fb8edd58f4ebbe4c56ebb8b3aba66c5207f6
82,Welcome to the world of audio computers,t5_363r3,r/BeAmazed,mr9t9,3675,237,video,https://v.redd.it/5meozg9hr46d1/HLSPlaylist.m3u8?f=hd%2CsubsAll%2ChlsSpecOrder&v=1&a=1720902717%2CYzdkNmQxOGM4ZmM3OWRlYmIwZmFiZmQ1ZDczOTYxMGVhNDcwMmQ3ZGJkNjA0ZGMzMTdjNTgyOWFmYTQwYTM2OA%3D%3D
83,Ice cream served in banana leaf cup with bamboo spoon. Small but great start to end plastic waste.,t5_363r3,r/BeAmazed,Sea_Land_1944,1409,138,crosspost,
84,Painting in progress ,t5_2r8tu,r/woahdude,KingSteven11,74,5,video,https://packaged-media.redd.it/rmk06gw3wa6d1/pb/m2-res_1920p.mp4?m=DASHPlaylist.mpd&v=1&e=1718326800&s=e956e46b6acdc9f982ee23348753c4b37ae7e5eb#t=0
85,The art of Cinematography ,t5_363r3,r/BeAmazed,Ultimate_Kurix,1371,12,video,https://packaged-media.redd.it/zhekp1j1x56d1/pb/m2-res_640p.mp4?m=DASHPlaylist.mpd&v=1&e=1718323200&s=60a5b6d0b8340e22a4a37acbe9a6cbe5a7332f5c#t=0
86,"Steam through a prism refracted sunbeam matching the cup 
",t5_363r3,r/BeAmazed,Natashaalovelyy,156,11,video,https://packaged-media.redd.it/oag19gg7d96d1/pb/m2-res_1280p.mp4?m=DASHPlaylist.mpd&v=1&e=1718323200&s=21867d0abe24cbf5ff81c6100718038db41a74f0#t=0
87,Japanese Firefighters training ,t5_m0bnr,r/nextfuckinglevel,Parasyte-vn,30240,491,video,https://packaged-media.redd.it/oywy19clb26d1/pb/m2-res_1920p.mp4?m=DASHPlaylist.mpd&v=1&e=1718326800&s=4d01ff4ac829b72ccac835b630e9cf582dca95ae#t=0
88,Absolute unit of a cow stands over 6ft tall,t5_363r3,r/BeAmazed,Sunnyudd,2229,89,video,https://packaged-media.redd.it/9j4y0ykkx46d1/pb/m2-res_480p.mp4?m=DASHPlaylist.mpd&v=1&e=1718312400&s=2628d475bdfa6ab21f99e8f0ac24f511a7c6f22e#t=0
89,The French Navy's bagpipe banger,t5_363r3,r/BeAmazed,freudian_nipps,705,59,video,https://v.redd.it/cxton7okm66d1/HLSPlaylist.m3u8?f=sd%2CsubsAll%2ChlsSpecOrder&v=1&a=1720902717%2CZGRlZDRlODMzYTkyYjZmMzk3MjUzNzFmMWRiNDE2NzcyYmM5ODM0ZjU5MTdlNWU4NmFmNGUyNDQ0MzI1NDQzNQ%3D%3D
